customer_id,npa_date,npa_category
C10026,2026-01-25,SMA-1
C10069,2025-12-14,SMA-2
C10075,2025-12-27,SMA-2
C10134,2026-01-27,SMA-1
C10137,2025-11-06,SMA-1
C10224,2026-02-15,SMA-1
C10232,2025-12-29,SMA-2
C10240,2025-10-16,SMA-1
C10249,2025-10-02,SMA-2
C10280,2025-10-06,NPA
C10284,2025-12-28,NPA
C10317,2025-09-25,NPA
C10352,2026-02-21,SMA-2
C10453,2025-11-06,NPA
C10507,2025-12-13,SMA-2
C10543,2025-12-29,NPA
C10560,2026-01-27,SMA-1
C10576,2025-11-17,SMA-1
C10580,2025-11-23,NPA
C10615,2025-12-17,SMA-1
C10692,2025-10-28,SMA-1
C10707,2025-11-18,SMA-1
C10735,2025-10-04,NPA
C10745,2025-11-22,SMA-2
C10762,2026-02-05,SMA-1
C10770,2025-12-26,NPA
C10776,2026-02-02,SMA-2
C10864,2026-01-28,NPA
C10939,2025-12-13,NPA
C10950,2025-11-21,SMA-2
C10994,2025-11-20,NPA
C11076,2025-12-31,NPA
C11081,2026-02-04,SMA-2
C11172,2025-10-09,SMA-2
C11200,2026-01-12,NPA
C11202,2025-11-17,NPA
C11239,2025-10-03,SMA-2
C11255,2025-12-01,SMA-1
C11300,2025-12-26,SMA-1
C11314,2025-12-04,NPA
C11435,2025-12-16,SMA-1
C11469,2025-12-30,NPA
C11473,2025-12-30,NPA
C11486,2025-11-13,NPA
C11511,2026-01-17,NPA
C11523,2026-01-18,SMA-2
C11535,2025-10-02,NPA
C11536,2025-09-26,NPA
C11634,2025-09-26,NPA
C11636,2025-11-22,SMA-2
C11664,2026-01-18,NPA
C11665,2026-01-30,SMA-1
C11686,2026-01-25,SMA-2
C11711,2026-01-13,NPA
C11779,2026-02-06,NPA
C11783,2025-11-17,NPA
C11801,2025-10-10,NPA
C11941,2025-10-04,SMA-1
C11963,2026-01-24,NPA
C11998,2025-11-27,SMA-1
C12006,2025-12-09,NPA
C12033,2026-01-13,NPA
C12038,2026-02-22,NPA
C12148,2025-10-17,SMA-2
C12203,2025-10-16,SMA-1
C12220,2025-12-08,SMA-2
C12231,2026-01-14,NPA
C12244,2026-01-12,SMA-1
C12249,2025-12-02,NPA
C12354,2026-02-18,SMA-1
C12446,2025-11-22,NPA
C12489,2025-12-23,SMA-1
C12581,2025-12-23,SMA-1
C12623,2026-02-01,NPA
C12630,2026-02-05,SMA-2
C12644,2026-01-21,NPA
C12714,2025-10-05,SMA-2
C12774,2025-12-17,NPA
C12783,2025-12-30,SMA-2
C12786,2025-12-05,NPA
C12811,2025-11-19,NPA
C12820,2025-10-13,NPA
C12822,2026-01-23,SMA-2
C12920,2025-12-27,SMA-1
C12926,2025-11-28,SMA-1
C12937,2025-09-25,SMA-2
C12950,2025-09-25,SMA-2
C12957,2026-02-21,SMA-1
C13090,2026-02-07,SMA-2
C13106,2026-02-05,SMA-1
C13124,2025-11-30,SMA-1
C13129,2025-10-14,SMA-2
C13218,2025-12-13,NPA
C13255,2025-12-30,SMA-2
C13335,2025-09-29,NPA
C13346,2025-12-22,NPA
C13366,2025-11-10,SMA-2
C13401,2026-01-29,SMA-1
C13515,2025-11-04,NPA
C13522,2025-11-06,NPA
C13542,2025-10-26,SMA-1
C13576,2026-01-28,SMA-1
C13594,2025-11-11,NPA
C13697,2026-01-26,SMA-2
C13731,2026-01-04,SMA-2
C13770,2025-10-08,NPA
C13774,2026-01-18,NPA
C13786,2026-01-07,NPA
C13802,2025-10-27,SMA-2
C13810,2026-02-03,NPA
C13858,2025-10-05,SMA-1
C13875,2026-02-10,SMA-1
C13933,2026-01-30,SMA-2
C13935,2026-01-11,NPA
C14015,2025-10-21,NPA
C14066,2025-12-30,NPA
C14067,2026-02-07,SMA-2
C14081,2025-11-17,SMA-1
C14100,2025-11-15,NPA
C14174,2025-10-29,NPA
C14182,2025-11-06,NPA
C14190,2026-01-14,SMA-2
C14221,2025-12-09,SMA-2
C14260,2026-02-08,SMA-1
C14273,2025-12-04,SMA-1
C14404,2026-02-10,NPA
C14429,2025-10-17,SMA-2
C14440,2026-02-08,SMA-1
C14443,2026-01-06,SMA-1
C14492,2026-02-05,SMA-2
C14542,2025-11-11,SMA-1
C14602,2025-09-30,SMA-2
C14623,2025-09-27,SMA-1
C14643,2026-02-02,NPA
C14654,2025-09-26,NPA
C14660,2025-12-18,SMA-2
C14672,2025-12-04,SMA-2
C14739,2025-12-17,NPA
C14757,2026-01-20,NPA
C14846,2025-10-28,NPA
C14882,2026-02-04,SMA-1
C14910,2025-10-28,SMA-1
C14923,2026-02-04,SMA-2
C14934,2025-10-16,NPA
C14938,2026-01-20,NPA
C14954,2026-02-05,SMA-2
C15006,2025-11-20,NPA
C15073,2026-01-13,NPA
C15077,2025-10-06,NPA
C15113,2025-10-10,SMA-1
C15154,2025-10-04,NPA
C15210,2026-01-27,SMA-2
C15224,2025-12-17,SMA-1
C15228,2026-01-26,SMA-2
C15240,2025-12-15,NPA
C15248,2025-12-31,NPA
C15290,2026-01-01,NPA
C15298,2025-10-16,NPA
C15328,2025-12-20,SMA-1
C15329,2026-01-30,NPA
C15381,2025-12-14,SMA-1
C15386,2026-02-22,NPA
C15400,2026-01-20,NPA
C15425,2026-01-12,NPA
C15443,2025-10-04,NPA
C15474,2025-10-02,SMA-1
C15506,2026-01-25,SMA-1
C15515,2026-01-15,SMA-1
C15565,2025-11-20,SMA-2
C15672,2025-11-04,SMA-2
C15694,2026-02-12,NPA
C15784,2025-11-21,SMA-1
C15790,2025-11-23,SMA-2
C15870,2025-12-21,SMA-1
C15930,2025-11-24,NPA
C15946,2026-01-14,SMA-2
C15951,2026-01-12,SMA-2
C16035,2025-11-09,SMA-1
C16108,2026-01-08,NPA
C16131,2025-11-09,SMA-2
C16157,2025-12-16,SMA-2
C16174,2026-01-26,NPA
C16234,2026-02-13,NPA
C16273,2025-12-28,SMA-2
C16280,2025-10-28,NPA
C16332,2025-12-06,SMA-2
C16346,2025-12-27,SMA-1
C16372,2026-01-04,NPA
C16400,2025-11-30,NPA
C16447,2026-02-05,NPA
C16506,2025-11-25,NPA
C16522,2025-10-08,NPA
C16545,2026-02-15,SMA-1
C16580,2025-12-18,SMA-2
C16670,2025-09-27,NPA
C16675,2026-02-13,SMA-1
C16678,2025-11-03,NPA
C16706,2025-12-04,NPA
C16716,2025-10-15,SMA-1
C16788,2025-11-16,SMA-2
C16816,2025-12-19,SMA-1
C16848,2025-11-03,SMA-1
C16849,2025-10-12,SMA-2
C16853,2025-11-21,NPA
C16863,2026-02-05,NPA
C16877,2025-12-04,SMA-1
C16923,2025-12-08,NPA
C16931,2025-11-10,NPA
C16991,2025-11-11,NPA
C17001,2025-10-04,SMA-2
C17044,2026-01-04,NPA
C17062,2025-11-17,SMA-2
C17078,2025-09-30,NPA
C17133,2025-11-11,SMA-1
C17154,2025-12-07,NPA
C17160,2025-12-31,NPA
C17186,2025-09-27,NPA
C17202,2025-10-26,NPA
C17217,2025-11-01,SMA-2
C17228,2025-10-15,NPA
C17231,2026-01-10,SMA-1
C17324,2025-12-12,NPA
C17347,2026-01-30,SMA-2
C17356,2025-12-05,SMA-2
C17395,2026-01-03,SMA-2
C17402,2026-02-16,SMA-1
C17407,2025-12-22,NPA
C17408,2026-02-04,NPA
C17455,2025-11-08,SMA-2
C17509,2025-11-16,NPA
C17531,2025-11-12,SMA-2
C17534,2026-01-16,SMA-1
C17571,2026-01-26,NPA
C17617,2025-12-28,SMA-2
C17692,2025-10-13,NPA
C17720,2026-02-10,SMA-2
C17764,2026-01-22,NPA
C17777,2026-01-19,NPA
C17797,2025-10-10,NPA
C17798,2025-11-01,NPA
C17810,2025-10-05,NPA
C17827,2026-01-13,NPA
C17894,2025-10-30,NPA
C17933,2025-12-21,NPA
C18042,2025-10-12,NPA
C18079,2025-12-23,NPA
C18110,2025-11-02,SMA-1
C18136,2025-12-11,SMA-2
C18157,2025-12-15,NPA
C18159,2025-12-03,SMA-1
C18191,2026-01-18,SMA-2
C18258,2025-12-25,NPA
C18268,2026-01-14,SMA-2
C18269,2026-02-06,NPA
C18276,2025-11-10,NPA
C18314,2025-10-07,NPA
C18316,2025-11-08,SMA-1
C18343,2026-01-01,NPA
C18353,2025-11-15,SMA-1
C18379,2025-09-28,NPA
C18427,2025-10-23,SMA-1
C18486,2025-11-24,NPA
C18632,2025-11-15,NPA
C18711,2025-10-08,SMA-2
C18776,2025-10-21,SMA-2
C18787,2025-12-15,NPA
C18789,2025-10-21,SMA-1
C18842,2025-11-15,NPA
C18865,2025-11-11,SMA-2
C18867,2025-10-26,SMA-2
C18889,2025-10-09,SMA-1
C18898,2025-11-14,SMA-1
C18909,2026-02-01,NPA
C18918,2026-01-19,NPA
C18938,2026-01-07,SMA-1
C18996,2025-12-18,NPA
C19013,2025-12-01,SMA-2
C19045,2025-10-29,NPA
C19049,2025-11-28,NPA
C19069,2025-12-13,NPA
C19085,2025-12-20,SMA-1
C19131,2025-10-25,SMA-1
C19187,2025-10-07,SMA-1
C19192,2025-11-25,SMA-2
C19302,2026-02-05,SMA-1
C19320,2026-02-15,SMA-2
C19330,2026-01-02,SMA-1
C19347,2026-01-14,SMA-2
C19360,2026-01-21,NPA
C19406,2026-01-24,SMA-2
C19457,2025-10-26,NPA
C19486,2025-11-20,SMA-2
C19521,2026-01-24,SMA-2
C19526,2025-12-05,SMA-1
C19527,2025-09-27,SMA-1
C19578,2025-12-05,NPA
C19619,2025-11-13,SMA-2
C19628,2026-02-03,SMA-2
C19695,2026-01-27,NPA
C19717,2026-01-23,SMA-1
C19731,2025-11-26,NPA
C19760,2025-11-20,SMA-1
C19770,2025-10-16,NPA
C19851,2026-02-19,NPA
C19912,2025-10-20,SMA-1
C19977,2025-11-04,NPA
C20003,2025-10-28,SMA-2
C20013,2025-11-03,SMA-2
C20034,2025-10-12,NPA
C20159,2025-10-08,NPA
C20223,2025-10-26,NPA
C20333,2025-12-16,NPA
C20402,2025-12-22,SMA-1
C20436,2025-12-13,NPA
C20457,2025-12-22,NPA
C20521,2025-09-30,NPA
C20524,2025-11-28,SMA-1
C20527,2025-10-19,NPA
C20545,2026-01-07,NPA
C20591,2025-12-30,NPA
C20595,2025-12-18,NPA
C20607,2025-12-13,NPA
C20620,2025-10-03,SMA-1
C20694,2025-10-13,SMA-2
C20698,2026-02-01,SMA-2
C20715,2025-11-10,NPA
C20804,2025-10-03,SMA-2
C20810,2025-10-24,NPA
C20899,2025-10-31,SMA-1
C20905,2026-01-30,NPA
C20912,2025-12-28,NPA
C20997,2025-12-22,NPA
C21011,2025-09-27,NPA
C21022,2025-10-24,NPA
C21029,2025-11-06,NPA
C21246,2025-11-24,NPA
C21253,2025-12-15,NPA
C21291,2025-12-20,SMA-2
C21380,2026-01-23,SMA-2
C21413,2025-12-04,SMA-1
C21434,2025-10-08,SMA-2
C21457,2026-01-04,SMA-2
C21474,2025-10-22,NPA
C21519,2025-09-25,NPA
C21531,2026-01-28,SMA-2
C21554,2025-12-09,SMA-2
C21582,2025-11-22,SMA-2
C21603,2025-12-07,SMA-1
C21638,2025-10-09,SMA-2
C21659,2025-12-14,SMA-1
C21801,2026-02-09,NPA
C21875,2026-01-21,NPA
C21912,2026-01-27,SMA-1
C21916,2025-09-29,NPA
C22054,2025-10-25,NPA
C22078,2025-11-02,NPA
C22118,2026-01-06,SMA-1
C22122,2025-12-20,NPA
C22128,2026-01-24,SMA-1
C22178,2025-11-12,NPA
C22199,2026-02-04,SMA-1
C22259,2026-01-15,SMA-2
C22276,2025-10-01,NPA
C22287,2026-02-01,SMA-2
C22305,2026-01-23,NPA
C22320,2025-12-27,NPA
C22353,2025-10-30,NPA
C22379,2025-12-08,NPA
C22425,2025-12-06,SMA-1
C22441,2026-01-28,SMA-2
C22449,2025-12-30,NPA
C22459,2026-02-02,SMA-2
C22488,2025-12-23,SMA-2
C22536,2025-10-04,SMA-1
C22562,2026-01-13,SMA-1
C22582,2025-11-10,NPA
C22654,2025-10-25,NPA
C22732,2026-02-14,SMA-2
C22734,2025-12-11,NPA
C22754,2025-10-29,SMA-1
C22815,2025-12-25,NPA
C22820,2025-09-25,SMA-2
C22864,2025-11-06,SMA-1
C22958,2025-10-06,SMA-2
C22975,2026-01-15,NPA
C23024,2026-01-17,SMA-1
C23036,2026-02-07,SMA-2
C23076,2025-12-06,NPA
C23184,2025-11-02,SMA-1
C23202,2025-10-26,NPA
C23211,2025-11-11,NPA
C23236,2025-10-17,NPA
C23252,2025-11-02,SMA-1
C23307,2026-02-12,NPA
C23317,2025-12-02,NPA
C23331,2026-02-16,SMA-1
C23346,2025-12-26,SMA-1
C23430,2025-12-16,SMA-1
C23470,2026-01-09,NPA
C23484,2025-10-13,NPA
C23533,2025-12-13,SMA-2
C23552,2025-09-26,NPA
C23569,2025-10-20,SMA-1
C23583,2025-10-25,NPA
C23588,2025-11-10,NPA
C23630,2025-12-02,SMA-1
C23677,2026-01-12,NPA
C23710,2025-11-09,NPA
C23835,2025-12-11,NPA
C23844,2025-10-05,SMA-1
C23862,2025-10-29,SMA-1
C23867,2025-12-04,NPA
C23876,2025-12-02,SMA-1
C23897,2025-11-11,SMA-1
C23900,2025-10-07,NPA
C23911,2025-11-09,SMA-1
C23917,2026-01-05,NPA
C23922,2025-10-18,NPA
C24157,2026-02-09,SMA-2
C24159,2025-12-16,SMA-2
C24184,2025-12-11,NPA
C24204,2025-10-21,SMA-1
C24312,2026-02-15,SMA-2
C24336,2026-01-13,NPA
C24386,2025-10-04,SMA-1
C24408,2025-10-04,NPA
C24409,2026-01-30,SMA-2
C24427,2026-01-24,NPA
C24435,2026-01-23,SMA-2
C24467,2025-10-18,NPA
C24491,2025-10-15,NPA
C24518,2025-11-08,NPA
C24566,2025-10-25,SMA-2
C24777,2025-10-29,SMA-2
C24835,2025-11-16,SMA-2
C24870,2025-10-15,SMA-2
C24913,2026-02-05,NPA
C24922,2025-11-08,NPA
C24980,2025-10-16,NPA
C25024,2026-02-22,NPA
C25051,2025-12-08,NPA
C25067,2026-01-15,NPA
C25094,2025-10-08,NPA
C25146,2025-11-26,NPA
C25187,2025-10-04,NPA
C25228,2025-10-29,NPA
C25262,2026-01-05,SMA-2
C25447,2025-09-29,NPA
C25458,2025-12-25,NPA
C25468,2026-02-11,NPA
C25480,2025-10-24,NPA
C25481,2025-11-16,SMA-2
C25486,2025-10-19,SMA-1
C25516,2026-01-21,NPA
C25518,2026-01-28,NPA
C25681,2026-01-28,NPA
C25704,2026-02-19,SMA-2
C25712,2025-11-10,SMA-2
C25752,2026-02-03,NPA
C25811,2025-12-17,NPA
C25856,2025-11-13,SMA-1
C25873,2025-11-30,NPA
C25898,2025-12-03,NPA
C25922,2025-10-07,SMA-1
C26005,2026-02-05,SMA-2
C26014,2025-12-11,SMA-2
C26126,2026-01-30,NPA
C26139,2026-01-28,SMA-1
C26141,2025-11-01,SMA-2
C26146,2025-12-08,SMA-1
C26150,2026-02-11,NPA
C26198,2026-02-08,NPA
C26228,2025-11-23,NPA
C26256,2025-11-04,SMA-2
C26317,2025-12-22,NPA
C26325,2025-10-01,SMA-2
C26460,2026-01-10,SMA-2
C26499,2026-02-02,NPA
C26519,2025-12-23,NPA
C26538,2025-09-26,SMA-2
C26575,2025-12-25,NPA
C26601,2025-12-19,NPA
C26648,2025-12-19,SMA-1
C26665,2025-10-26,NPA
C26806,2025-10-06,SMA-2
C26828,2026-02-04,NPA
C26913,2025-11-26,NPA
C26926,2025-11-06,NPA
C26956,2025-10-29,NPA
C26961,2026-01-03,NPA
C27016,2025-10-22,SMA-1
C27024,2025-12-24,NPA
C27062,2025-09-29,NPA
C27174,2025-09-28,NPA
C27215,2025-12-09,SMA-1
C27224,2025-11-13,NPA
C27244,2026-02-20,SMA-1
C27368,2025-10-18,NPA
C27397,2025-12-26,NPA
C27421,2025-12-28,SMA-2
C27447,2025-12-20,SMA-2
C27545,2026-01-29,SMA-1
C27587,2025-12-05,NPA
C27599,2026-02-14,NPA
C27641,2026-01-20,SMA-1
C27749,2025-12-09,NPA
C27791,2025-11-08,SMA-2
C27822,2026-01-02,SMA-2
C27823,2025-10-07,NPA
C27833,2025-10-10,NPA
C27852,2026-01-11,NPA
C27858,2025-10-22,NPA
C27882,2025-11-28,SMA-1
C27915,2025-10-26,SMA-1
C27921,2026-01-17,SMA-2
C27926,2025-11-13,NPA
C27966,2026-01-30,NPA
C28023,2026-02-19,NPA
C28058,2025-10-08,SMA-1
C28075,2025-10-29,NPA
C28084,2025-12-17,NPA
C28095,2025-11-19,SMA-1
C28159,2025-12-25,NPA
C28164,2026-02-16,NPA
C28226,2025-12-28,SMA-1
C28237,2025-10-27,NPA
C28280,2025-11-10,SMA-1
C28291,2026-01-18,SMA-1
C28293,2026-02-13,NPA
C28349,2025-10-19,SMA-1
C28350,2026-01-29,SMA-2
C28372,2025-10-08,SMA-2
C28408,2025-11-15,NPA
C28420,2025-11-20,NPA
C28458,2025-09-25,SMA-2
C28463,2025-11-08,SMA-1
C28469,2025-10-20,NPA
C28491,2025-12-13,SMA-1
C28509,2025-11-20,SMA-2
C28517,2025-11-01,NPA
C28534,2025-12-24,NPA
C28590,2026-01-28,NPA
C28601,2025-10-06,NPA
C28637,2026-02-07,NPA
C28681,2025-12-14,SMA-2
C28711,2026-01-22,NPA
C28725,2026-01-30,SMA-2
C28738,2026-02-17,SMA-1
C28751,2025-11-29,SMA-2
C28789,2026-01-21,SMA-2
C28815,2026-02-05,SMA-2
C28854,2025-09-25,SMA-2
C28855,2025-12-25,NPA
C28870,2026-01-16,SMA-1
C28990,2025-12-14,SMA-2
C29058,2026-01-20,NPA
C29065,2026-01-09,SMA-1
C29099,2026-02-16,SMA-2
C29127,2026-02-19,NPA
C29133,2025-12-24,NPA
C29161,2026-02-18,SMA-2
C29165,2025-12-17,SMA-1
C29180,2026-01-21,NPA
C29251,2025-10-11,SMA-1
C29282,2026-02-06,NPA
C29291,2025-10-31,NPA
C29304,2025-10-14,SMA-1
C29361,2025-10-30,SMA-2
C29416,2026-02-11,NPA
C29423,2025-10-28,SMA-1
C29427,2026-02-07,NPA
C29500,2025-11-12,NPA
C29508,2026-01-26,NPA
C29553,2025-11-01,SMA-1
C29562,2026-02-02,NPA
C29583,2026-01-16,SMA-1
C29619,2026-01-21,NPA
C29641,2025-09-26,NPA
C29654,2025-11-17,NPA
C29709,2025-10-29,NPA
C29730,2026-01-28,SMA-1
C29772,2025-10-04,SMA-2
C29791,2025-11-04,NPA
C29800,2025-12-26,NPA
C29816,2025-11-28,NPA
C29830,2025-11-12,NPA
C29859,2026-01-29,NPA
C29884,2025-11-05,NPA
C29935,2025-12-19,NPA
C29937,2026-01-14,NPA
C29938,2026-02-05,SMA-1
C29944,2026-02-01,SMA-1
C29980,2025-11-04,SMA-1
C30092,2025-11-19,SMA-2
C30149,2025-10-03,SMA-1
C30168,2025-09-25,NPA
C30206,2026-01-22,NPA
C30273,2025-11-24,NPA
C30351,2026-02-09,NPA
C30354,2025-12-05,NPA
C30378,2026-01-27,SMA-2
C30542,2026-01-14,NPA
C30631,2025-12-27,SMA-1
C30658,2025-11-25,NPA
C30721,2026-01-24,NPA
C30741,2025-09-29,SMA-2
C30784,2025-11-05,SMA-1
C30797,2025-12-16,SMA-1
C30863,2026-01-07,NPA
C30926,2025-12-05,NPA
C31048,2025-11-25,SMA-1
C31061,2026-01-07,SMA-2
C31133,2025-10-01,NPA
C31144,2026-02-05,SMA-2
C31263,2026-02-15,SMA-1
C31320,2025-10-10,SMA-2
C31350,2025-11-18,NPA
C31354,2025-10-29,NPA
C31444,2026-01-13,NPA
C31522,2025-12-05,NPA
C31542,2025-09-30,SMA-1
C31543,2026-02-09,SMA-2
C31544,2026-01-13,SMA-1
C31555,2026-02-02,NPA
C31685,2025-11-01,NPA
C31701,2025-10-21,NPA
C31726,2025-11-08,NPA
C31780,2025-12-29,SMA-1
C31862,2025-11-26,NPA
C31875,2026-01-25,NPA
C31877,2025-10-21,NPA
C31921,2026-02-11,SMA-2
C32046,2025-11-13,SMA-1
C32050,2026-02-21,SMA-2
C32054,2025-12-07,SMA-2
C32055,2026-01-18,NPA
C32069,2025-12-10,NPA
C32078,2026-01-23,SMA-1
C32088,2025-10-18,NPA
C32104,2026-01-09,SMA-2
C32105,2025-11-17,SMA-2
C32149,2025-10-17,NPA
C32221,2026-02-04,NPA
C32285,2026-02-12,NPA
C32332,2026-02-18,NPA
C32353,2026-02-03,NPA
C32399,2025-09-28,NPA
C32455,2025-09-29,NPA
C32487,2025-11-08,NPA
C32509,2026-01-24,NPA
C32515,2026-02-17,NPA
C32537,2026-01-10,NPA
C32553,2025-11-22,SMA-1
C32576,2025-11-03,SMA-1
C32701,2025-12-22,NPA
C32721,2025-09-25,NPA
C32730,2025-10-11,SMA-1
C32750,2025-11-13,NPA
C32767,2025-11-28,SMA-2
C32783,2025-11-29,SMA-2
C32831,2026-02-03,SMA-1
C32899,2025-10-10,SMA-2
C32916,2025-11-25,NPA
C32967,2026-01-16,SMA-2
C33011,2026-01-27,SMA-2
C33052,2025-12-19,SMA-2
C33096,2026-01-09,SMA-2
C33248,2026-02-03,SMA-2
C33253,2025-10-19,NPA
C33321,2025-10-01,NPA
C33372,2025-10-01,NPA
C33424,2025-12-04,SMA-2
C33453,2025-11-02,SMA-1
C33504,2025-10-25,NPA
C33521,2025-12-07,NPA
C33546,2026-02-08,NPA
C33596,2025-10-16,SMA-1
C33646,2025-12-05,NPA
C33664,2025-10-30,SMA-1
C33724,2026-02-08,NPA
C33843,2025-12-11,SMA-1
C33861,2026-01-30,NPA
C33928,2025-10-27,SMA-1
C33931,2025-10-30,SMA-2
C33947,2025-12-02,NPA
C33950,2025-10-17,SMA-2
C33996,2026-02-07,NPA
C34049,2026-01-27,NPA
C34065,2026-02-01,SMA-2
C34081,2026-02-12,SMA-2
C34229,2025-11-02,NPA
C34260,2025-10-11,SMA-2
C34299,2025-11-21,NPA
C34365,2025-12-12,NPA
C34396,2025-11-10,NPA
C34412,2026-02-09,NPA
C34469,2026-02-06,NPA
C34536,2026-01-29,NPA
C34545,2025-12-12,NPA
C34582,2026-01-15,NPA
C34597,2026-02-02,SMA-2
C34609,2025-11-25,NPA
C34628,2025-11-14,SMA-2
C34629,2026-02-01,NPA
C34686,2025-10-02,NPA
C34714,2025-11-30,SMA-2
C34715,2025-10-11,SMA-1
C34751,2025-11-06,NPA
C34785,2026-02-18,NPA
C34806,2025-12-05,SMA-2
C34893,2025-12-30,NPA
C34897,2025-10-21,SMA-2
C34903,2025-12-27,SMA-2
C34905,2026-01-14,SMA-1
C34912,2025-12-09,SMA-1
C34918,2025-10-16,SMA-1
C34942,2025-11-28,SMA-2
C34952,2025-11-18,SMA-2
C34956,2026-01-12,SMA-2
C34965,2026-01-11,NPA
C34973,2026-02-11,NPA
C35038,2025-11-21,SMA-2
C35043,2025-11-01,NPA
C35064,2025-10-31,SMA-2
C35067,2025-10-09,SMA-2
C35073,2025-12-05,NPA
C35095,2026-01-04,NPA
C35183,2025-09-29,NPA
C35238,2025-10-27,NPA
C35300,2025-11-17,NPA
C35333,2026-01-12,SMA-2
C35346,2026-01-18,NPA
C35353,2026-02-09,NPA
C35396,2025-11-19,SMA-1
C35416,2025-10-13,SMA-1
C35444,2025-12-12,SMA-1
C35451,2026-01-12,NPA
C35482,2025-10-30,SMA-2
C35529,2025-11-03,SMA-1
C35541,2025-12-28,NPA
C35553,2025-11-25,SMA-1
C35554,2025-11-08,SMA-1
C35581,2025-11-13,NPA
C35714,2025-12-24,NPA
C35720,2026-02-02,NPA
C35766,2025-12-27,SMA-1
C35786,2025-12-03,SMA-1
C35790,2025-11-29,SMA-2
C35831,2026-01-18,SMA-1
C35836,2025-12-11,NPA
C35863,2026-01-18,NPA
C35951,2025-10-31,SMA-1
C35975,2026-02-02,SMA-1
C35978,2025-12-19,SMA-2
C35987,2026-01-15,NPA
C36033,2026-01-25,NPA
C36040,2025-12-24,NPA
C36152,2026-01-22,SMA-1
C36181,2025-12-23,NPA
C36234,2025-10-28,SMA-1
C36247,2026-01-25,NPA
C36254,2025-10-08,SMA-1
C36272,2025-10-14,SMA-2
C36364,2026-01-17,NPA
C36374,2025-11-05,SMA-1
C36380,2025-11-24,SMA-2
C36396,2025-09-29,NPA
C36447,2026-01-06,SMA-1
C36469,2025-10-11,NPA
C36475,2026-02-05,SMA-1
C36477,2025-11-15,NPA
C36601,2026-02-11,NPA
C36678,2025-11-19,NPA
C36683,2026-02-18,NPA
C36706,2026-02-05,NPA
C36715,2025-12-23,SMA-1
C36788,2025-09-27,NPA
C36812,2026-01-19,SMA-1
C36866,2025-11-24,NPA
C36869,2026-01-09,NPA
C36929,2025-10-23,SMA-2
C36953,2026-01-19,SMA-1
C37038,2025-10-28,SMA-1
C37040,2025-12-09,SMA-2
C37042,2026-02-11,SMA-2
C37045,2026-02-12,NPA
C37073,2025-12-05,NPA
C37077,2025-10-06,NPA
C37081,2025-12-20,SMA-1
C37118,2026-01-05,NPA
C37138,2025-11-23,SMA-1
C37171,2025-11-30,NPA
C37225,2026-01-22,NPA
C37265,2025-11-03,NPA
C37275,2025-11-02,NPA
C37388,2025-11-28,SMA-2
C37421,2025-10-18,NPA
C37422,2025-11-20,NPA
C37425,2026-02-01,NPA
C37470,2026-02-02,NPA
C37534,2026-01-07,NPA
C37546,2025-12-02,SMA-1
C37584,2026-02-02,NPA
C37590,2025-12-09,NPA
C37679,2025-10-31,NPA
C37703,2026-01-11,NPA
C37732,2025-11-25,NPA
C37754,2026-02-12,NPA
C37761,2025-11-03,NPA
C37765,2026-02-08,SMA-1
C37793,2025-11-11,NPA
C37796,2025-10-14,SMA-2
C37828,2026-02-15,SMA-2
C37854,2025-11-02,SMA-1
C37870,2026-01-21,SMA-1
C37945,2025-12-24,NPA
C38000,2025-11-22,NPA
C38001,2025-09-30,SMA-1
C38101,2026-01-14,NPA
C38131,2025-11-20,NPA
C38139,2025-11-01,SMA-1
C38201,2025-09-29,SMA-2
C38237,2025-10-10,NPA
C38255,2025-11-13,NPA
C38274,2025-12-13,SMA-2
C38299,2026-01-24,SMA-1
C38314,2026-01-06,NPA
C38444,2025-10-13,NPA
C38471,2025-10-02,SMA-1
C38517,2025-12-17,NPA
C38532,2025-10-31,SMA-2
C38536,2025-12-11,NPA
C38595,2026-01-02,SMA-1
C38615,2026-01-19,SMA-1
C38710,2025-10-30,SMA-2
C38744,2025-11-01,SMA-1
C38777,2025-12-03,NPA
C38790,2026-02-06,NPA
C38908,2025-12-08,SMA-2
C38977,2026-01-09,NPA
C38997,2025-10-15,SMA-2
C39069,2026-01-22,SMA-2
C39083,2026-01-18,SMA-2
C39107,2025-10-19,SMA-1
C39122,2025-11-22,NPA
C39132,2025-10-26,SMA-2
C39136,2026-01-31,SMA-1
C39157,2025-12-05,NPA
C39197,2025-10-23,NPA
C39217,2025-11-10,SMA-1
C39303,2026-01-21,NPA
C39400,2026-02-04,NPA
C39429,2025-10-26,NPA
C39455,2026-01-21,SMA-2
C39471,2026-01-20,NPA
C39479,2025-10-17,SMA-1
C39501,2026-01-22,SMA-2
C39522,2025-12-07,SMA-2
C39529,2026-01-12,NPA
C39568,2025-12-27,NPA
C39628,2025-10-13,NPA
C39706,2026-02-02,NPA
C39748,2026-01-03,NPA
C39759,2026-01-21,NPA
C39768,2025-10-09,SMA-1
C39809,2025-10-17,SMA-2
C39811,2025-09-27,SMA-2
C39812,2026-01-10,NPA
C39813,2025-10-01,SMA-1
C39889,2026-02-15,SMA-1
C39941,2026-02-11,NPA
C40004,2025-12-31,NPA
C40019,2026-02-15,NPA
C40021,2025-10-06,NPA
C40108,2025-12-07,NPA
C40138,2025-12-22,NPA
C40167,2025-12-08,NPA
C40185,2026-02-04,SMA-1
C40229,2026-01-13,NPA
C40232,2025-11-08,NPA
C40267,2025-10-27,SMA-2
C40283,2025-11-27,SMA-2
C40363,2025-12-04,NPA
C40381,2025-11-26,NPA
C40410,2026-01-20,NPA
C40437,2025-10-14,SMA-1
C40498,2025-12-03,SMA-2
C40586,2025-10-26,SMA-1
C40645,2025-12-16,NPA
C40658,2025-12-21,SMA-2
C40661,2026-01-29,SMA-1
C40704,2025-12-10,NPA
C40744,2025-11-07,SMA-2
C40784,2026-01-13,NPA
C40793,2025-09-28,NPA
C40804,2026-01-05,SMA-2
C40889,2025-10-18,NPA
C40907,2025-10-18,NPA
C40920,2025-10-18,SMA-1
C40921,2026-01-30,NPA
C40941,2025-10-16,NPA
C40986,2025-12-23,SMA-2
C40994,2025-09-26,NPA
C41042,2026-02-10,SMA-1
C41084,2025-12-12,NPA
C41286,2025-10-25,NPA
C41359,2025-10-08,SMA-1
C41387,2026-01-26,NPA
C41416,2026-01-19,NPA
C41444,2025-11-21,NPA
C41488,2025-11-21,SMA-1
C41506,2025-11-12,SMA-1
C41517,2025-09-30,SMA-2
C41540,2025-11-22,NPA
C41562,2026-02-04,NPA
C41567,2025-10-16,NPA
C41577,2025-10-05,NPA
C41580,2026-01-23,SMA-2
C41594,2026-01-29,NPA
C41637,2025-11-19,NPA
C41690,2025-10-03,NPA
C41692,2026-01-17,SMA-2
C41722,2025-10-15,NPA
C41743,2025-10-17,SMA-1
C41782,2026-02-11,SMA-1
C41789,2026-01-18,NPA
C41800,2025-10-24,NPA
C41850,2026-01-15,SMA-2
C41867,2025-12-01,NPA
C41900,2026-01-12,NPA
C41918,2025-12-08,NPA
C41936,2025-10-16,NPA
C41961,2025-10-01,NPA
C41963,2025-10-24,SMA-1
C42009,2025-11-20,NPA
C42044,2026-01-25,NPA
C42054,2025-09-26,NPA
C42056,2026-02-16,NPA
C42057,2025-12-17,SMA-2
C42066,2026-02-09,NPA
C42100,2026-01-10,NPA
C42114,2026-01-16,SMA-2
C42121,2026-02-14,SMA-1
C42128,2026-01-05,SMA-1
C42163,2025-11-02,NPA
C42211,2025-11-07,SMA-2
C42234,2025-11-09,SMA-2
C42243,2025-11-09,NPA
C42248,2026-02-07,SMA-2
C42306,2025-10-13,SMA-2
C42337,2025-10-02,NPA
C42356,2025-10-23,NPA
C42492,2025-12-04,SMA-2
C42530,2025-10-28,NPA
C42608,2025-10-06,NPA
C42614,2025-12-17,NPA
C42627,2026-01-04,SMA-2
C42629,2025-12-13,NPA
C42634,2025-12-27,NPA
C42644,2025-12-11,SMA-2
C42655,2025-10-20,NPA
C42686,2025-10-23,NPA
C42814,2025-10-02,NPA
C42831,2025-12-11,SMA-1
C42846,2025-09-29,NPA
C42864,2025-11-13,NPA
C42958,2026-01-16,NPA
C43047,2026-02-12,NPA
C43061,2026-02-02,NPA
C43063,2025-11-01,NPA
C43067,2025-10-23,SMA-2
C43077,2026-01-02,NPA
C43090,2025-10-02,NPA
C43105,2026-01-18,SMA-1
C43125,2025-09-25,SMA-2
C43170,2025-12-22,SMA-1
C43190,2025-10-10,SMA-2
C43194,2025-12-25,SMA-1
C43224,2026-01-28,NPA
C43233,2025-11-30,NPA
C43278,2026-01-28,SMA-2
C43280,2026-02-21,SMA-2
C43311,2025-11-10,NPA
C43344,2025-10-23,SMA-2
C43375,2025-12-11,NPA
C43383,2025-12-11,SMA-1
C43426,2026-01-31,SMA-2
C43442,2025-10-09,SMA-1
C43443,2026-01-09,NPA
C43453,2026-01-08,SMA-1
C43490,2025-11-13,NPA
C43497,2026-01-06,NPA
C43508,2026-02-13,SMA-1
C43525,2025-12-08,SMA-1
C43620,2025-11-29,NPA
C43633,2025-10-29,NPA
C43649,2026-01-19,NPA
C43680,2025-12-15,SMA-2
C43720,2026-01-25,NPA
C43722,2026-01-12,NPA
C43792,2025-12-19,SMA-2
C43797,2026-02-19,NPA
C43809,2025-12-09,SMA-2
C43819,2026-01-09,NPA
C43824,2025-11-05,NPA
C43907,2026-01-31,NPA
C43946,2026-01-29,SMA-2
C43960,2026-01-18,NPA
C44000,2025-12-02,SMA-2
C44017,2026-02-21,NPA
C44051,2025-11-16,SMA-2
C44082,2025-10-31,NPA
C44083,2025-11-30,NPA
C44130,2025-09-26,SMA-1
C44139,2025-12-18,NPA
C44170,2025-12-24,SMA-1
C44175,2026-01-23,NPA
C44196,2025-12-06,SMA-2
C44236,2025-11-11,NPA
C44285,2026-01-23,NPA
C44291,2025-11-20,SMA-2
C44320,2025-12-28,SMA-2
C44349,2025-10-23,SMA-2
C44376,2025-10-29,NPA
C44379,2025-11-08,NPA
C44394,2025-10-08,SMA-2
C44404,2025-12-21,SMA-1
C44408,2025-10-11,NPA
C44413,2025-10-10,NPA
C44476,2026-02-03,SMA-1
C44483,2026-02-07,SMA-2
C44486,2025-09-29,SMA-2
C44489,2026-01-11,NPA
C44522,2025-10-12,NPA
C44604,2026-01-24,SMA-2
C44627,2025-09-26,NPA
C44655,2026-01-30,NPA
C44696,2026-02-08,NPA
C44703,2026-01-20,NPA
C44717,2025-10-29,SMA-1
C44766,2025-10-02,NPA
C44808,2025-12-06,SMA-1
C44837,2025-11-13,NPA
C44880,2026-02-22,SMA-2
C44900,2025-09-27,SMA-1
C44944,2026-02-11,NPA
C44982,2025-11-26,SMA-1
C45079,2025-10-07,SMA-1
C45082,2026-02-05,NPA
C45107,2026-02-14,NPA
C45112,2025-11-10,SMA-2
C45139,2026-01-19,NPA
C45228,2025-11-19,NPA
C45238,2025-10-31,NPA
C45245,2025-11-18,SMA-1
C45255,2025-10-07,SMA-2
C45264,2025-11-25,SMA-1
C45265,2026-01-08,NPA
C45322,2025-10-10,SMA-2
C45356,2025-12-27,SMA-1
C45409,2026-02-17,NPA
C45425,2025-10-27,NPA
C45434,2025-10-09,NPA
C45450,2025-12-26,SMA-2
C45485,2025-10-28,NPA
C45562,2026-01-14,NPA
C45563,2026-01-05,SMA-1
C45656,2026-02-14,NPA
C45739,2026-02-18,SMA-2
C45859,2026-01-01,SMA-1
C45874,2026-01-28,SMA-1
C45913,2025-10-31,SMA-1
C45941,2025-12-22,SMA-1
C45957,2025-11-12,NPA
C45959,2025-12-25,SMA-2
C45977,2026-02-08,SMA-2
C46036,2025-10-17,NPA
C46118,2025-12-25,NPA
C46178,2025-09-28,NPA
C46190,2025-12-24,NPA
C46223,2026-01-17,SMA-2
C46347,2025-11-09,NPA
C46407,2025-12-14,SMA-1
C46412,2025-10-03,SMA-2
C46441,2025-11-05,NPA
C46446,2026-02-10,NPA
C46460,2025-11-17,NPA
C46522,2025-11-08,NPA
C46534,2026-01-15,NPA
C46539,2025-11-18,SMA-2
C46565,2025-10-08,NPA
C46572,2025-12-23,SMA-2
C46673,2025-12-08,SMA-2
C46734,2025-10-27,SMA-1
C46772,2025-10-02,NPA
C46808,2025-11-08,SMA-2
C46825,2025-11-15,SMA-2
C46989,2025-12-19,SMA-2
C46998,2025-11-30,SMA-1
C47074,2025-10-30,NPA
C47109,2026-01-30,SMA-2
C47113,2026-02-09,NPA
C47117,2025-11-18,SMA-1
C47125,2026-02-04,SMA-2
C47202,2025-09-25,SMA-2
C47284,2025-10-23,SMA-2
C47302,2025-11-29,NPA
C47326,2026-02-19,SMA-2
C47496,2026-01-05,SMA-1
C47528,2025-10-23,SMA-2
C47749,2026-01-01,NPA
C47754,2025-12-23,NPA
C47773,2025-12-12,NPA
C47806,2025-10-26,NPA
C47850,2025-12-06,NPA
C47879,2025-11-22,NPA
C47944,2025-10-26,SMA-1
C47958,2025-10-25,NPA
C48087,2026-01-01,NPA
C48111,2025-12-04,NPA
C48160,2026-02-11,SMA-2
C48167,2026-01-16,SMA-1
C48261,2025-12-18,NPA
C48271,2025-12-09,SMA-2
C48286,2026-01-03,NPA
C48436,2025-12-26,NPA
C48477,2025-09-30,SMA-2
C48489,2025-10-18,NPA
C48558,2025-12-19,NPA
C48569,2025-10-20,NPA
C48581,2026-01-10,NPA
C48632,2026-01-10,SMA-2
C48635,2025-10-06,NPA
C48656,2026-01-06,SMA-1
C48703,2025-10-11,SMA-1
C48715,2026-02-03,SMA-1
C48855,2026-02-21,NPA
C48887,2026-01-18,SMA-2
C48908,2026-02-05,SMA-2
C48910,2026-02-20,SMA-2
C48941,2025-10-16,NPA
C48967,2025-11-19,SMA-1
C48976,2025-10-22,NPA
C48985,2026-02-18,SMA-1
C48992,2025-10-09,NPA
C49003,2026-02-19,SMA-1
C49043,2025-10-10,NPA
C49065,2025-10-08,NPA
C49070,2026-02-18,NPA
C49086,2026-01-08,SMA-1
C49097,2026-01-29,SMA-2
C49098,2025-12-23,SMA-2
C49116,2025-10-11,NPA
C49139,2025-11-24,NPA
C49162,2025-11-13,SMA-1
C49180,2025-11-19,NPA
C49215,2025-10-28,SMA-2
C49238,2025-12-27,NPA
C49241,2026-02-02,SMA-1
C49242,2026-01-30,NPA
C49285,2025-11-17,NPA
C49305,2025-10-04,NPA
C49310,2026-02-08,SMA-1
C49314,2026-01-10,SMA-1
C49370,2025-10-18,NPA
C49380,2025-11-30,SMA-1
C49395,2025-10-10,SMA-1
C49403,2025-12-26,SMA-2
C49404,2025-09-30,NPA
C49417,2025-12-15,SMA-1
C49445,2026-02-03,NPA
C49480,2025-10-06,SMA-1
C49481,2026-01-08,NPA
C49514,2026-02-18,SMA-2
C49542,2025-09-25,SMA-2
C49563,2025-11-13,SMA-1
C49576,2025-12-08,SMA-2
C49582,2025-10-01,SMA-2
C49634,2025-09-30,NPA
C49715,2025-10-07,NPA
C49783,2025-11-16,SMA-2
C49792,2026-02-02,NPA
C49937,2026-02-09,SMA-1
C49992,2025-11-03,SMA-2
C49997,2026-02-03,NPA
C50001,2025-11-13,NPA
C50062,2026-02-15,NPA
C50098,2025-10-30,NPA
C50100,2025-12-26,NPA
C50107,2025-10-04,NPA
C50182,2025-11-04,SMA-2
C50194,2025-09-26,NPA
C50334,2026-02-01,NPA
C50444,2025-12-21,SMA-1
C50476,2026-02-01,NPA
C50488,2026-01-14,NPA
C50523,2026-01-14,NPA
C50547,2025-12-03,NPA
C50573,2026-01-26,SMA-1
C50596,2026-02-21,NPA
C50734,2025-11-01,NPA
C50746,2025-12-15,SMA-1
C50757,2026-01-20,SMA-1
C50775,2026-01-06,NPA
C50856,2025-10-31,NPA
C50904,2026-01-27,SMA-1
C50998,2026-01-31,NPA
C51004,2025-10-04,SMA-1
C51018,2025-12-01,NPA
C51052,2026-02-19,NPA
C51056,2025-11-09,NPA
C51070,2026-02-01,SMA-2
C51112,2025-09-29,SMA-2
C51171,2025-11-17,SMA-2
C51175,2026-01-18,NPA
C51180,2025-12-07,NPA
C51181,2025-10-19,SMA-2
C51241,2026-02-06,SMA-2
C51246,2025-11-03,NPA
C51387,2025-11-07,NPA
C51396,2025-10-22,SMA-1
C51416,2025-11-22,NPA
C51449,2025-12-21,NPA
C51516,2026-01-03,NPA
C51530,2026-01-26,SMA-2
C51608,2025-12-07,SMA-1
C51648,2025-11-13,NPA
C51739,2025-11-17,NPA
C51796,2025-11-02,NPA
C51798,2025-11-04,SMA-2
C51825,2025-12-08,NPA
C51851,2026-01-02,NPA
C51918,2025-12-04,SMA-2
C51950,2025-11-13,NPA
C52040,2025-12-10,NPA
C52067,2025-09-28,SMA-2
C52105,2025-12-01,NPA
C52106,2025-12-13,NPA
C52149,2025-11-21,SMA-1
C52165,2025-10-01,SMA-2
C52166,2025-10-06,SMA-2
C52242,2025-10-05,SMA-1
C52287,2025-10-27,SMA-2
C52312,2025-11-02,NPA
C52381,2026-02-05,NPA
C52399,2025-10-18,SMA-2
C52474,2025-12-07,SMA-2
C52481,2025-12-20,SMA-2
C52508,2025-11-06,NPA
C52605,2026-02-04,NPA
C52783,2025-10-23,NPA
C52948,2025-10-09,NPA
C53066,2025-10-06,SMA-1
C53123,2025-11-22,SMA-1
C53128,2026-01-26,SMA-2
C53223,2025-11-24,SMA-2
C53380,2026-02-11,NPA
C53411,2025-11-30,NPA
C53450,2026-01-26,SMA-1
C53460,2026-01-28,NPA
C53488,2025-12-28,SMA-2
C53495,2025-10-31,NPA
C53501,2025-11-14,NPA
C53540,2025-09-25,SMA-2
C53583,2025-11-26,SMA-1
C53612,2025-10-22,SMA-1
C53683,2025-12-09,NPA
C53735,2026-02-01,SMA-1
C53806,2026-01-17,NPA
C53825,2025-12-05,NPA
C53863,2025-10-29,SMA-2
C53897,2025-10-12,NPA
C53987,2025-11-25,NPA
C54018,2026-01-29,NPA
C54021,2025-10-30,NPA
C54054,2026-02-05,NPA
C54096,2026-02-11,SMA-1
C54130,2026-02-17,NPA
C54150,2026-01-26,SMA-2
C54151,2025-12-22,SMA-2
C54180,2025-10-04,SMA-2
C54213,2025-11-30,NPA
C54220,2025-10-27,SMA-2
C54227,2025-11-11,SMA-2
C54258,2026-01-06,NPA
C54262,2025-11-13,SMA-1
C54283,2026-01-03,NPA
C54364,2025-11-05,NPA
C54382,2026-02-21,SMA-2
C54412,2026-01-01,NPA
C54467,2026-02-06,SMA-1
C54498,2025-10-08,SMA-2
C54547,2025-11-21,NPA
C54607,2026-01-03,NPA
C54615,2026-01-24,NPA
C54620,2025-10-20,NPA
C54626,2025-11-15,NPA
C54675,2025-09-25,SMA-1
C54679,2025-11-25,NPA
C54710,2025-10-28,SMA-2
C54736,2025-12-08,SMA-1
C54781,2026-01-19,NPA
C54800,2026-01-23,SMA-2
C54855,2025-12-06,SMA-1
C54858,2026-01-07,NPA
C54875,2026-01-17,NPA
C54948,2025-11-07,SMA-2
C54994,2025-09-28,NPA
C55101,2025-11-06,SMA-2
C55134,2025-10-21,SMA-2
C55271,2025-10-03,SMA-2
C55306,2025-10-20,NPA
C55326,2026-01-18,SMA-2
C55352,2025-12-04,NPA
C55447,2026-02-09,NPA
C55464,2026-02-20,NPA
C55580,2026-01-19,SMA-2
C55596,2025-11-16,NPA
C55615,2025-11-10,NPA
C55639,2025-11-08,NPA
C55688,2025-10-20,SMA-2
C55689,2026-02-01,SMA-1
C55699,2025-12-28,NPA
C55701,2026-02-14,NPA
C55704,2025-12-27,NPA
C55707,2026-01-10,NPA
C55822,2025-10-01,NPA
C55838,2025-10-05,SMA-1
C55878,2025-09-29,SMA-1
C55917,2025-12-16,NPA
C55923,2025-10-07,SMA-1
C55977,2025-11-02,SMA-2
C56014,2025-11-06,SMA-1
C56036,2025-12-21,NPA
C56069,2026-02-14,NPA
C56071,2025-12-17,NPA
C56073,2026-01-31,NPA
C56102,2026-01-23,SMA-2
C56104,2025-12-31,NPA
C56110,2025-11-05,SMA-2
C56150,2026-01-18,SMA-2
C56167,2026-01-01,SMA-1
C56223,2025-09-30,NPA
C56260,2025-10-09,NPA
C56352,2025-10-08,SMA-2
C56369,2025-12-02,NPA
C56477,2025-12-10,NPA
C56478,2025-10-14,SMA-1
C56482,2026-01-19,NPA
C56504,2026-02-07,NPA
C56517,2026-01-21,SMA-2
C56528,2025-12-21,SMA-2
C56559,2025-12-02,SMA-2
C56591,2025-11-14,NPA
C56650,2026-01-17,NPA
C56686,2025-11-08,NPA
C56708,2025-10-30,SMA-1
C56766,2026-01-30,NPA
C56775,2025-10-14,NPA
C56803,2025-11-20,NPA
C56814,2025-10-21,NPA
C56820,2025-09-27,SMA-1
C56828,2026-01-30,NPA
C56842,2025-11-23,SMA-1
C56871,2025-10-09,NPA
C56888,2025-12-29,NPA
C56896,2025-12-30,NPA
C56929,2025-12-16,NPA
C56944,2025-12-12,NPA
C56965,2025-10-05,SMA-2
C57115,2025-10-01,NPA
C57207,2025-11-27,SMA-1
C57210,2026-02-11,SMA-1
C57229,2025-10-28,SMA-1
C57250,2026-01-22,SMA-2
C57256,2025-11-02,NPA
C57347,2026-02-22,NPA
C57444,2026-01-02,SMA-2
C57455,2025-12-07,SMA-2
C57459,2025-12-14,SMA-1
C57473,2025-11-22,NPA
C57488,2026-02-01,NPA
C57530,2026-01-11,SMA-1
C57536,2025-11-13,NPA
C57545,2025-12-25,NPA
C57568,2026-01-30,SMA-1
C57591,2026-02-22,SMA-2
C57627,2025-10-23,SMA-1
C57641,2026-01-20,SMA-2
C57689,2025-10-13,NPA
C57751,2026-02-20,SMA-1
C57759,2025-11-27,SMA-1
C57784,2025-11-06,SMA-2
C57838,2025-10-23,SMA-1
C57839,2025-12-26,NPA
C57848,2026-01-31,SMA-1
C57905,2026-01-27,NPA
C57928,2025-11-20,NPA
C57938,2026-01-18,NPA
C58005,2026-01-19,SMA-2
C58015,2026-02-05,SMA-1
C58076,2026-01-11,NPA
C58189,2025-11-25,SMA-2
C58193,2026-01-15,NPA
C58212,2025-11-01,SMA-2
C58337,2026-01-31,SMA-1
C58358,2026-01-18,SMA-1
C58385,2025-09-25,NPA
C58436,2025-11-25,NPA
C58485,2025-12-04,SMA-2
C58521,2025-12-21,NPA
C58548,2026-02-01,SMA-2
C58609,2025-10-04,NPA
C58694,2026-02-16,NPA
C58699,2026-01-01,SMA-2
C58720,2025-11-14,NPA
C58727,2026-02-09,SMA-2
C58732,2025-10-19,NPA
C58781,2026-01-25,SMA-2
C58858,2025-10-18,SMA-1
C58947,2025-10-10,SMA-1
C59003,2025-11-22,NPA
C59025,2026-01-20,NPA
C59073,2025-09-30,NPA
C59080,2025-11-21,SMA-2
C59141,2025-10-25,SMA-1
C59170,2026-02-18,SMA-1
C59292,2026-02-19,NPA
C59338,2025-12-29,SMA-1
C59375,2026-02-07,NPA
C59411,2025-10-16,NPA
C59483,2025-10-17,NPA
C59506,2025-11-06,NPA
C59561,2026-02-01,SMA-2
C59678,2025-12-13,SMA-1
C59694,2025-12-05,SMA-1
C59698,2025-10-15,SMA-2
C59703,2026-01-14,NPA
C59714,2025-11-14,SMA-1
C59836,2025-12-05,NPA
C59838,2025-12-23,SMA-1
C59878,2025-12-22,SMA-1
C59912,2025-11-03,SMA-1
C59924,2025-10-29,SMA-1
C59992,2025-12-05,SMA-2
